category,name,description,price_eur
مشاوي (مشويات على الفحم),مشاوي مشكلة,كفتة ودجاج ولحم · حمص وسلطة,28.00
مشاوي (مشويات على الفحم),شيش طاووق,أسياخ دجاج، أرز · حمص وسلطة,17.50
مشاوي (مشويات على الفحم),أسياخ كبدة,أسياخ كبدة عجل، أرز · حمص وسلطة,16.50
مشاوي (مشويات على الفحم),ريش ضأن,ريش ضأن · حمص وسلطة,26.00
مشاوي (مشويات على الفحم),أجنحة مشوية,أجنحة دجاج حارة، صلصة الشطة,12.50
مشاوي (مشويات على الفحم),نصف دجاجة على الفحم,نصف دجاجة على الفحم، أرز · حمص وسلطة,18.50
مشاوي (مشويات على الفحم),مشاوي دجاج,دجاج مشوي · حمص وسلطة,17.50
مشاوي (مشويات على الفحم),دجاج بالزعتر,دجاج بالزعتر · حمص وسلطة,16.50
مشاوي (مشويات على الفحم),كباب,كفتة على الفحم · حمص وسلطة,16.50
مشاوي (مشويات على الفحم),شيش شقف,قطع لحم · أرز وحمص وسلطة,18.50
مطبوخات (أطباق مطبوخة),ستيك دجاج حار,مع أرز وحمص وسلطة,16.90
مطبوخات (أطباق مطبوخة),ستيك بالفطر,فطر · حمص وسلطة,17.50
مطبوخات (أطباق مطبوخة),ستيك الليمون والخضار,ليمون وخضار · حمص وسلطة,17.90
مطبوخات (أطباق مطبوخة),دجاج بالفطر الحار,صلصة حارة · حمص وسلطة,16.50
مطبوخات (أطباق مطبوخة),طبق إسكالوب,شنيتزل، بطاطا مقلية · حمص وسلطة,16.50
مطبوخات (أطباق مطبوخة),طبق شنيتزل,شرائح مقرمشة · حمص وسلطة,14.50
مطبوخات (أطباق مطبوخة),مسخن,دجاج فلسطيني، سماق، خبز بالبصل,18.00
مطبوخات (أطباق مطبوخة),رز مبهّر,أرز متبّل، صنوبر,4.00
مطبوخات (أطباق مطبوخة),رز أبيض,أرز بسمتي، صنوبر,3.50
ساندويتشات (سندويشات وبرغر),ساندويتش فلافل,فلافل في خبز، طحينة، سلطة,8.50
ساندويتشات (سندويشات وبرغر),برغر جفرا,قطعتان لحم، شيدر، خس,14.50
ساندويتشات (سندويشات وبرغر),ساندويتش جفرا,دجاج، جبنة، خبز بالسمسم,13.50
ساندويتشات (سندويشات وبرغر),أمباسادور,ستيك، فلفل، بصل,15.50
ساندويتشات (سندويشات وبرغر),ساندويتش فاهيتا,دجاج، جبنة، بطاطا مقلية,13.90
ساندويتشات (سندويشات وبرغر),ساندويتش فيليه,لحم بقري، فلفل، فطر,15.00
ساندويتشات (سندويشات وبرغر),فطيرة ذهبية,سمسم مقرمش، جبنة,14.00
ساندويتشات (سندويشات وبرغر),برغر دجاج مقرمش,دجاج مقرمش، خس، خبز بالسمسم,13.50
ساندويتشات (سندويشات وبرغر),طبق شاورما,شاورما عربية، بطاطا مقلية، صلصات,14.50
سلطات ومقبلات,حمص,حمص، طحينة، زيت زيتون,6.50
سلطات ومقبلات,بابا غنوج,باذنجان مشوي، رمان، بقدونس,6.50
سلطات ومقبلات,رولات مسخن,لفائف رقيقة، سماق، دجاج,9.50
سلطات ومقبلات,ورق عنب,ورق عنب، أرز، صلصة,8.50
سلطات ومقبلات,كبة,مقلي، لحم مفروم، صنوبر,9.50
سلطات ومقبلات,سلطة ملفوف أحمر بالمايونيز,ملفوف أحمر، مايونيز كريمي,4.50
سلطات ومقبلات,سلطة ملفوف أبيض بالمايونيز,ملفوف أبيض، جزر، مايونيز,4.50
سلطات ومقبلات,سلطة ذرة بالمايونيز,ذرة، فلفل، شبت، مايونيز,4.80
سلطات ومقبلات,سلطة تركية,بصل، طماطم، صلصة حارة,5.00
حلويات,كنافة,جبنة دافئة، فستق، قطر,9.50
حلويات,وافل بالفستق,وافل، فستق، نوتيلا، مقرمشات,9.50
حلويات,بركان الشوكولاتة,كيك دافئ، آيس كريم، فستق، كرز,10.50
حلويات,تشيز كيك الفستق,تشيز كيك، شوكولاتة، فستق,8.50
حلويات,تشيز كيك الكرز,تشيز كيك، صلصة الكرز,8.50
حلويات,كرات الشوكولاتة,كرات شوكولاتة، موز، تفاح,8.00
حلويات,كرة بنكهة الكنافة,مقرمش، كريمة الفستق,9.00
حلويات,بقلاوة,عسل، مكسرات، عجينة الفيلو,6.50
حلويات,مهلبية,بودينغ الحليب، ماء الورد,6.00
مشروبات (باردة وساخنة),ليموناضة بالنعناع,بارد · ليمون طازج ونعناع,4.50
مشروبات (باردة وساخنة),جلاب,بارد · دبس التمر، ماء الورد,5.00
مشروبات (باردة وساخنة),عيران,بارد · لبن مالح,3.50
مشروبات (باردة وساخنة),برتقال / مانجو,بارد · عصير طازج,4.80
مشروبات (باردة وساخنة),قهوة عربية,ساخن · هيل,3.50
مشروبات (باردة وساخنة),إسبريسو,ساخن · قصير وقوي,2.80
مشروبات (باردة وساخنة),شاي بالنعناع,ساخن · نعناع طازج,3.20
مشروبات (باردة وساخنة),شاي أسود,ساخن · سيلاني,2.80
مشروبات (باردة وساخنة),سحلب,ساخن · حليب، مستكة,5.50
