category,name,description,description_en,price_eur
Mashawi (Grill van de houtskool),Mixed grill,"Kafta, kip, vlees · hummus en salade","Kafta, chicken, meat · hummus and salad",28.00
Mashawi (Grill van de houtskool),Shish taouk,"Kipspiesen, rijst · hummus en salade","Chicken skewers, rice · hummus and salad",17.50
Mashawi (Grill van de houtskool),Lever skewers,"Kalfslever, rijst · hummus en salade","Calf liver, rice · hummus and salad",16.50
Mashawi (Grill van de houtskool),Lamb chops,Lamsribben · hummus en salade,Lamb ribs · hummus and salad,26.00
Mashawi (Grill van de houtskool),Grilled wings,"Kruidige vleugels, chili dip","Spicy wings, chili dip",12.50
Mashawi (Grill van de houtskool),Half chicken coal,"Houtskoolkip, rijst · hummus en salade","Charcoal chicken, rice · hummus and salad",18.50
Mashawi (Grill van de houtskool),Chicken mashawi,Gegrilde kip · hummus en salade,Grilled chicken · hummus and salad,17.50
Mashawi (Grill van de houtskool),Za'atar chicken,Za'atar kip · hummus en salade,Za'atar chicken · hummus and salad,16.50
Mashawi (Grill van de houtskool),Kebab,Kafta van de houtskool · hummus en salade,Charcoal kafta · hummus and salad,16.50
Mashawi (Grill van de houtskool),Shish shqaf,"Stukken vlees · rijst, hummus en salade","Pieces of meat · rice, hummus and salad",18.50
Maatboukhat (Bereide schotels),Spicy chicken steak,"Met rijst, hummus en salade","With rice, hummus and salad",16.90
Maatboukhat (Bereide schotels),Steak mushroom,Champignon · hummus en salade,Mushroom · hummus and salad,17.50
Maatboukhat (Bereide schotels),Lemon vegetable steak,Citroen-groente · hummus en salade,Lemon-vegetable · hummus and salad,17.90
Maatboukhat (Bereide schotels),Hot mushroom chicken,Pittige saus · hummus en salade,Spicy sauce · hummus and salad,16.50
Maatboukhat (Bereide schotels),Escalope schotel,"Schnitzel, friet · hummus en salade","Schnitzel, fries · hummus and salad",16.50
Maatboukhat (Bereide schotels),Schnitzel schotel,Krokante reepjes · hummus en salade,Crispy strips · hummus and salad,14.50
Maatboukhat (Bereide schotels),Musakhan,"Palestijnse kip, sumak, uienbrood","Palestinian chicken, sumac, onion bread",18.00
Maatboukhat (Bereide schotels),Riz mbahar,"Gekruide rijst, pijnboompitten","Spiced rice, pine nuts",4.00
Maatboukhat (Bereide schotels),Witte rijst,"Basmati, pijnboompitten","Basmati, pine nuts",3.50
Sandwiches (Broodjes en burgers),Falafel sandwich,"Falafel in brood, tahina, salade","Falafel in bread, tahini, salad",8.50
Sandwiches (Broodjes en burgers),Jafra Burger,"Dubbele patty, cheddar, sla","Double patty, cheddar, lettuce",14.50
Sandwiches (Broodjes en burgers),Jafra Sandwich,"Kip, kaas, sesambrood","Chicken, cheese, sesame bread",13.50
Sandwiches (Broodjes en burgers),Ambassador,"Steak, paprika, ui","Steak, bell pepper, onion",15.50
Sandwiches (Broodjes en burgers),Fajita sandwich,"Kip, kaas, friet","Chicken, cheese, fries",13.90
Sandwiches (Broodjes en burgers),Fillet sandwich,"Rund, paprika, champignon","Beef, bell pepper, mushroom",15.00
Sandwiches (Broodjes en burgers),Golden pie,"Krokante sesam, kaas","Crispy sesame, cheese",14.00
Sandwiches (Broodjes en burgers),Crispy chicken burger,"Krokante kip, sla, sesambrood","Crispy chicken, lettuce, sesame bread",13.50
Sandwiches (Broodjes en burgers),Shoarma schotel,"Arabische shoarma, friet, dips","Arabic shawarma, fries, dips",14.50
Salades & Mezze,Hummus,"Kikkererwten, tahina, olijfolie","Chickpeas, tahini, olive oil",6.50
Salades & Mezze,Baba ganoush,"Gegrilde aubergine, granaat, peterselie","Grilled eggplant, pomegranate, parsley",6.50
Salades & Mezze,Musakhan rolls,"Dunne rolls, sumak, kip","Thin rolls, sumac, chicken",9.50
Salades & Mezze,Warak enab,"Druivenbladeren, rijst, dip","Vine leaves, rice, dip",8.50
Salades & Mezze,Kibbeh,"Gefrituurd, gehakt, pijnboompitten","Fried, minced meat, pine nuts",9.50
Salades & Mezze,Rode kool mayo,"Rode kool, romige mayonaise","Red cabbage, creamy mayonnaise",4.50
Salades & Mezze,Witte kool mayo,"Witte kool, wortel, mayo","White cabbage, carrot, mayo",4.50
Salades & Mezze,Mais-mayo,"Mais, paprika, dille, mayo","Corn, bell pepper, dill, mayo",4.80
Salades & Mezze,Turkse salade,"Ui, tomaat, pittige saus","Onion, tomato, spicy sauce",5.00
Desserts (Nagerechten),Knafeh,"Warme kaas, pistache, siroop","Warm cheese, pistachio, syrup",9.50
Desserts (Nagerechten),Pistachio waffle,"Wafel, pistachio, nutella, crunch","Waffle, pistachio, Nutella, crunch",9.50
Desserts (Nagerechten),Chocolate volcano,"Warme cake, ijs, pistache, kers","Warm cake, ice cream, pistachio, cherry",10.50
Desserts (Nagerechten),Pistachio cheesecake,"Cheesecake, chocolade, pistache","Cheesecake, chocolate, pistachio",8.50
Desserts (Nagerechten),Cherry cheesecake,"Cheesecake, kersensaus","Cheesecake, cherry sauce",8.50
Desserts (Nagerechten),Chocolate balls,"Chocoladebolletjes, banaan, appel","Chocolate balls, banana, apple",8.00
Desserts (Nagerechten),Kunafa-style ball,"Krokant, pistachecreme","Crunchy, pistachio cream",9.00
Desserts (Nagerechten),Baklava,"Honing, noten, filodeeg","Honey, nuts, filo pastry",6.50
Desserts (Nagerechten),Muhallabia,"Melkpudding, rozenwater","Milk pudding, rose water",6.00
Drinks (Koude en warme dranken),Limonade munt,Koud · verse citroen en munt,Cold · fresh lemon and mint,4.50
Drinks (Koude en warme dranken),Jallab,"Koud · dadelstroop, rozenwater","Cold · date syrup, rose water",5.00
Drinks (Koude en warme dranken),Ayran,Koud · gezouten yoghurt,Cold · salted yogurt,3.50
Drinks (Koude en warme dranken),Sinaasappel / mango,Koud · vers sap,Cold · fresh juice,4.80
Drinks (Koude en warme dranken),Arabische koffie,Warm · kardemom,Hot · cardamom,3.50
Drinks (Koude en warme dranken),Espresso,Warm · kort en sterk,Hot · short and strong,2.80
Drinks (Koude en warme dranken),Munt thee,Warm · verse munt,Hot · fresh mint,3.20
Drinks (Koude en warme dranken),Zwarte thee,Warm · Ceylon,Hot · Ceylon,2.80
Drinks (Koude en warme dranken),Sahlab,"Warm · melk, mastiek","Hot · milk, mastic",5.50
